location_id,country,region,city,unit_type,unit_name,address,official_directory_url,source_id,last_verified_at,notes
sap_location_001,Germany,Europe,Walldorf,headquarters,SAP SE headquarters,"Dietmar-Hopp-Allee 16, 69190 Walldorf, Germany",https://www.sap.com/about/company/office-locations.html,company_source_002,2026-08-19,"Corporate headquarters; confirm current address in the official directory."
sap_location_002,Germany,Europe,St. Leon-Rot,office,SAP Germany Service Center,"SAP-Allee 29, 68789 St. Leon-Rot, Germany",https://www.sap.com/about/company/office-locations/germany.html,company_source_009,2026-08-19,"Published German office listing."
sap_location_003,Germany,Europe,Garching bei München,lab,SAP Labs Munich Campus,"Friedrich-Ludwig-Bauer-Straße 5, 85748 Garching bei München, Germany",https://www.sap.com/about/company/office-locations/germany.html,company_source_009,2026-08-19,"Published SAP Labs location."
sap_location_004,United States,Americas,Newtown Square,office,SAP America,"3999 West Chester Pike, Newtown Square, PA 19073, USA",https://www.sap.com/about/company/office-locations/usa.html,company_source_010,2026-08-19,"Regional headquarters listing."
sap_location_005,United States,Americas,Palo Alto,lab,SAP Labs Silicon Valley,"3410 Hillview Avenue, Palo Alto, CA 94304, USA",https://www.sap.com/about/company/office-locations/usa.html,company_source_010,2026-08-19,"Published SAP Labs location."
sap_location_006,India,Asia Pacific,Bengaluru,lab,SAP Labs India,"#138, EPIP Zone, Whitefield, Bengaluru 560066, India",https://www.sap.com/about/company/office-locations/india.html,company_source_011,2026-08-19,"Published SAP Labs location."
sap_location_007,France,Europe,Levallois-Perret,headquarters,SAP France,"Tour SAP, 35 rue d'Alsace, 92300 Levallois-Perret, France",https://www.sap.com/about/company/office-locations/france.html,company_source_012,2026-08-19,"Country headquarters listing."
sap_location_008,Brazil,Latin America,São Paulo,office,SAP Brasil,"Location details should be retrieved from SAP's country directory.",https://www.sap.com/about/company/office-locations.html,company_source_002,2026-08-19,"Placeholder is explicitly marked as incomplete; do not present as a verified street address."
sap_location_009,Global,Multiple regions,Multiple cities,SAP Labs,SAP Labs Network,"SAP reports SAP Labs locations in 20 countries.",https://www.sap.com/about/company/innovation/labs.html,company_source_007,2026-08-19,"This is a network-level record, not an exhaustive office list."
