"licensing_id","product_id","licensing_model","public_price_available","price_value","currency","price_unit","description","source_id","last_verified_at"
"sap_concur_licensing_base","sap_concur","Base","true","7","USD","per_report","Preço aproximado de US$ 7 por relatório, usuários ilimitados e variação conforme compromisso mensal.","sap_source_008","2026-08-19"
"sap_concur_licensing_plus","sap_concur","Plus","true","11","USD","per_report","Preço aproximado de US$ 11 por relatório, usuários ilimitados; inclui Concur Expense, ExpenseIt, suporte e relatórios.","sap_source_008","2026-08-19"
"sap_concur_licensing_premium","sap_concur","Premium","false","","","custom_quote","Preço personalizado; inclui recursos avançados e pode incluir Concur Travel, ExpenseIt, suporte, Reporting e Intelligence.","sap_source_008","2026-08-19"
"sap_btp_licensing_payg","sap_btp","Pay-As-You-Go for SAP BTP","false","","","consumption","Modelo baseado em consumo; paga-se pelo uso além dos limites gratuitos, com duração contratual indicada de 3 a 12 meses.","sap_source_029","2026-08-19"
"sap_btp_licensing_enterprise","sap_btp","SAP BTP Enterprise Agreement","false","","","cloud_credit","Modelo de consumo com Cloud Credits, opções flexíveis e duração indicada de um ano.","sap_source_029","2026-08-19"
"sap_btp_licensing_subscription","sap_btp","Subscription","false","","","fixed_subscription","Serviços especificados são contratados por custo fixo em opções mensais pré-pagas.","sap_source_029","2026-08-19"
"sap_btp_licensing_free_tier","sap_btp","Free tier model","true","0","","within_free_limits","Planos gratuitos para aprender, prototipar e testar dentro dos limites publicados de cada serviço.","sap_source_029","2026-08-19"
"sap_btp_licensing_trial","sap_btp","SAP BTP trial","true","0","","90_day_trial","Oferta não comercial por 90 dias; aplicações, serviços, configurações e dados são encerrados ao final.","sap_source_044","2026-08-19"
"sap_s4hana_public_edition_subscription","sap_s4hana","Public Edition subscription","false","","","subscription","Assinatura SaaS; preço depende de escopo, usuários e contrato.","sap_source_054","2026-08-19"
"sap_s4hana_private_edition_subscription","sap_s4hana","Private Edition subscription","false","","","subscription","Assinatura de cloud privado e serviços gerenciados; preço sob consulta.","sap_source_055","2026-08-19"
"sap_s4hana_on_premise_perpetual_license","sap_s4hana","On-premise perpetual license","false","","","license","Licença perpétua com manutenção e infraestrutura separadas.","sap_source_057","2026-08-19"
"sap_s4hana_30_day_basic_trial","sap_s4hana","30-day basic trial","true","0","USD","30 days","Trial da Public Edition com escopo limitado, tenant compartilhado e dados de demonstração.","sap_source_076","2026-08-19"
"sap_successfactors_licensing_001_item","sap_successfactors","Subscription","false","","","subscription","Módulos e pacotes são contratados por assinatura; preço depende do escopo.","sap_source_080","2026-08-19"
"sap_successfactors_licensing_002_item","sap_successfactors","SAP HCM Base","false","","","per user","Pacote base por usuário, sujeito a mínimos e condições comerciais.","sap_source_080","2026-08-19"
"sap_successfactors_licensing_003_item","sap_successfactors","Joule Premium for HCM","false","","","AI units","Recursos premium de IA exigem pacote e AI Units conforme oferta.","sap_source_084","2026-08-19"
"sap_successfactors_licensing_004_item","sap_successfactors","30-day basic trial","true","0","USD","30 days","Trial gratuito compartilhado com escopo limitado.","sap_source_097","2026-08-19"
"sap_ariba_license_001_item","sap_ariba","Subscription","false","","","subscription","Soluções são contratadas por assinatura e escopo","sap_source_100","2026-08-19"
"sap_ariba_license_002_item","sap_ariba","SAP Ariba Sourcing standard edition","false","","","user per year","Preço sob consulta, em blocos de usuários e contratos de 1 a 5 anos","sap_source_113","2026-08-19"
"sap_ariba_license_003_item","sap_ariba","SAP Business Network standard account","true","0","USD","account","Conta padrão para fornecedores é gratuita conforme condições","sap_source_101","2026-08-19"
"sap_datasphere_license_001_item","sap_datasphere","SAP Business Data Cloud core capacity","false","","","capacity","SAP Datasphere é licenciado via capacidade core do SAP Business Data Cloud.","sap_source_128","2026-08-19"
"sap_datasphere_license_002_item","sap_datasphere","Flexible usage-based billing","false","","","usage-based","Cobrança flexível conforme condições comerciais.","sap_source_128","2026-08-19"
"sap_datasphere_license_003_item","sap_datasphere","30-day basic trial","true","0","USD","30 days","Trial básico gratuito por 30 dias.","sap_source_129","2026-08-19"
"sap_analytics_cloud_license_001_item","sap_analytics_cloud","SAP Business Data Cloud core capacity","false","","","capacity","SAC pode ser licenciado via capacidade core do SAP Business Data Cloud.","sap_source_146","2026-08-19"
"sap_analytics_cloud_license_002_item","sap_analytics_cloud","Flexible usage-based billing","false","","","usage-based","Cobrança flexível conforme condições comerciais.","sap_source_146","2026-08-19"
"sap_analytics_cloud_license_003_item","sap_analytics_cloud","User blocks","false","","","user","A página de pricing indica blocos de usuários e contratos de 3 a 12 meses.","sap_source_146","2026-08-19"
"sap_analytics_cloud_license_004_item","sap_analytics_cloud","Basic trial","true","0","USD","trial","Avaliação gratuita disponível na página oficial.","sap_source_147","2026-08-19"
"sap_signavio_license_001_item","sap_signavio","SAP Signavio subscription","false","","","subscription","Soluções são contratadas por assinatura conforme escopo.","sap_source_149","2026-08-19"
"sap_signavio_license_002_item","sap_signavio","Joule Base","false","","","subscription","Joule em Signavio é incluído com Joule Base, exigindo assinatura base.","sap_source_157","2026-08-19"
"sap_signavio_license_003_item","sap_signavio","Text to insight","false","","","feature","AI Units não são atualmente requeridas segundo a página do recurso; condição sujeita a mudança.","sap_source_154","2026-08-19"
"sap_business_network_license_001_item","sap_business_network","SAP Business Network subscription","false","","","subscription","Modelo e escopo dependem da solução e contrato.","sap_source_160","2026-08-19"
"sap_business_network_license_002_item","sap_business_network","Standard and enterprise accounts","false","","","account_tier","Contas e recursos variam por tipo de conta e papel.","sap_source_168","2026-08-19"
"sap_business_network_license_003_item","sap_business_network","Promote subscription","false","","","subscription","Recursos adicionais de catálogo e promoção podem exigir assinatura Promote.","sap_source_168","2026-08-19"
"sap_build_license_001_item","sap_build","SAP Build base user","true","9.21","USD","monthly_user","Edição base para acessar aplicações, insights e aprovar tarefas.","sap_source_184","2026-08-19"
"sap_build_license_002_item","sap_build","SAP Build premium user","true","9.21","USD","monthly_user","Inclui monitoramento, bots atendidos, workspaces e guided experiences; preço exibido na página de pricing consultada.","sap_source_184","2026-08-19"
"sap_build_license_003_item","sap_build","SAP Build developer","false","","","subscription","Inclui recursos de desenvolvimento, Joule for Developers, Joule Studio e ferramentas low-code/no-code.","sap_source_184","2026-08-19"
"sap_build_license_004_item","sap_build","30-day trial","true","","","trial","Trial básico de 30 dias para explorar o produto.","sap_source_185","2026-08-19"
