"component_id","product_id","component_name","component_type","description","purpose","is_internal_component","source_id","language_code"
"sap_concur_component_concur_expense","sap_concur","Concur Expense","separate_sap_product","Solução em nuvem para gestão de despesas corporativas.","Automatizar despesas do recibo ao reembolso.","false","sap_source_009","pt-BR"
"sap_concur_component_concur_travel","sap_concur","Concur Travel","separate_sap_product","Solução para planejar, reservar e gerenciar viagens corporativas com políticas e opções de fornecedores.","Gerenciar viagens e gastos relacionados.","false","sap_source_002","pt-BR"
"sap_concur_component_concur_invoice","sap_concur","Concur Invoice","separate_sap_product","Solução para automatizar captura, aprovação e processamento de faturas de fornecedores.","Apoiar contas a pagar e visibilidade de caixa.","false","sap_source_002","pt-BR"
"sap_concur_component_concur_request","sap_concur","Concur Request","separate_sap_product","Solução para solicitações e aprovações de gastos e viagens antes da realização.","Aplicar controles prévios ao gasto.","false","sap_source_024","pt-BR"
"sap_concur_component_expenseit","sap_concur","ExpenseIt","complementary_solution","Recurso adicional que usa IA para extrair dados de recibos e pré-preencher despesas.","Reduzir digitação de recibos.","false","sap_source_004","pt-BR"
"sap_concur_component_mobile_app","sap_concur","SAP Concur mobile app","service","Aplicativo móvel para tarefas de viagem, recibos, despesas e aprovações.","Permitir trabalho móvel.","true","sap_source_001","pt-BR"
"sap_concur_component_joule","sap_concur","Joule com Concur solutions","feature","Assistente de IA para orientação, criação de despesas e aplicação de políticas.","Simplificar interações e reduzir erros.","true","sap_source_011","pt-BR"
"sap_concur_component_intelligent_audit","sap_concur","Intelligent Audit","complementary_solution","Serviço adicional que combina auditores humanos e IA para revisão de recibos e conformidade.","Identificar uso indevido, desperdício e gastos não conformes.","false","sap_source_015","pt-BR"
"sap_concur_component_verify","sap_concur","Verify","complementary_solution","Add-on de auditoria automática de relatórios de despesas por IA.","Detectar duplicidades, anomalias e violações.","false","sap_source_025","pt-BR"
"sap_concur_component_expense_management_assistant","sap_concur","Expense Management Assistant","feature","Assistente que automatiza o fluxo de despesas e auxilia em políticas e regras de auditoria.","Apoiar o processo do recibo ao reembolso.","true","sap_source_001","pt-BR"
"sap_concur_component_travel_assistant","sap_concur","Travel Assistant","feature","Assistente para planejamento, aprovações, recomendações e orientação de política em viagens.","Apoiar planejamento e reserva de viagens.","true","sap_source_001","pt-BR"
"sap_btp_component_sap_build","sap_btp","SAP Build","separate_sap_product","Suite para desenvolvimento de aplicações, extensões, workspaces e automação.","Criar e automatizar soluções low-code e pro-code.","false","sap_source_039","pt-BR"
"sap_btp_component_joule_studio","sap_btp","Joule Studio","complementary_solution","Experiência AI-first para criar agentes, aplicações e workflows.","Criar agentes e skills empresariais.","false","sap_source_026","pt-BR"
"sap_btp_component_integration_suite","sap_btp","SAP Integration Suite","separate_sap_product","iPaaS para aplicações, APIs, eventos, dados, agentes e processos.","Integrar paisagens SAP e de terceiros.","false","sap_source_035","pt-BR"
"sap_btp_component_hana_cloud","sap_btp","SAP HANA Cloud","separate_sap_product","Banco de dados cloud gerenciado, in-memory, multi-tier e multimodelo.","Persistir e processar dados para aplicações e IA.","false","sap_source_045","pt-BR"
"sap_btp_component_ai_core","sap_btp","SAP AI Core","service","Runtime e serviços para operações de IA e execução gerenciada de agentes.","Executar e operacionalizar IA.","true","sap_source_046","pt-BR"
"sap_btp_component_cloud_foundry","sap_btp","Cloud Foundry environment","internal_component","Ambiente PaaS para aplicações cloud-native poliglotas.","Executar aplicações em múltiplas linguagens.","true","sap_source_040","pt-BR"
"sap_btp_component_kyma","sap_btp","Kyma environment","internal_component","Runtime Kubernetes gerenciado para extensões e aplicações cloud-native.","Executar workloads baseados em containers e Kubernetes.","true","sap_source_046","pt-BR"
"sap_btp_component_abap","sap_btp","SAP BTP ABAP environment","internal_component","Ambiente PaaS ABAP para extensões side-by-side e aplicações SaaS.","Desenvolver extensões e serviços ABAP Cloud.","true","sap_source_042","pt-BR"
"sap_btp_component_cockpit","sap_btp","SAP BTP cockpit","internal_component","Interface administrativa para contas, subcontas, entitlements, serviços e custos.","Administrar o landscape SAP BTP.","true","sap_source_037","pt-BR"
"sap_btp_component_identity","sap_btp","SAP Cloud Identity Services","separate_sap_product","Serviços de autenticação, provisionamento e federação de identidades.","Proteger acesso de usuários de plataforma e negócio.","false","sap_source_043","pt-BR"
"sap_btp_component_discovery_center","sap_btp","SAP Discovery Center","service","Catálogo de serviços, planos, missões e estimativas de consumo.","Descobrir, testar e planejar serviços SAP BTP.","true","sap_source_029","pt-BR"
"sap_btp_component_cloud_alm","sap_btp","SAP Cloud ALM","separate_sap_product","Operações, monitoramento e lifecycle management para cenários SAP.","Monitorar e operar aplicações e serviços.","false","sap_source_038","pt-BR"
"sap_s4hana_sap_hana","sap_s4hana","SAP HANA","database","Banco de dados in-memory e colunar que sustenta SAP S/4HANA.","Processar transações e analytics em tempo real.","true","sap_source_057","pt-BR"
"sap_s4hana_sap_fiori_launchpad","sap_s4hana","SAP Fiori launchpad","user_experience","Ponto central de acesso a aplicativos orientados por função.","Navegação, personalização e acesso a Joule.","true","sap_source_057","pt-BR"
"sap_s4hana_core_data_services","sap_s4hana","Core Data Services","semantic_data_layer","Modelos semânticos para dados, analytics e APIs.","Padronizar consumo de dados empresariais.","true","sap_source_057","pt-BR"
"sap_s4hana_finance","sap_s4hana","Finance","line_of_business","Processos financeiros integrados.","Gerir contabilidade, caixa, tesouraria e risco.","true","sap_source_054","pt-BR"
"sap_s4hana_sourcing_and_procurement","sap_s4hana","Sourcing and Procurement","line_of_business","Processos de compras e fornecedores.","Executar source-to-pay.","true","sap_source_065","pt-BR"
"sap_s4hana_sales","sap_s4hana","Sales","line_of_business","Processos comerciais e order-to-cash.","Gerir pedidos, entregas e faturamento.","true","sap_source_066","pt-BR"
"sap_s4hana_manufacturing","sap_s4hana","Manufacturing","line_of_business","Planejamento e execução fabril.","Converter demanda em produção.","true","sap_source_067","pt-BR"
"sap_s4hana_supply_chain","sap_s4hana","Supply Chain","line_of_business","Estoque, logística e planejamento integrado.","Coordenar fluxos de materiais.","true","sap_source_054","pt-BR"
"sap_s4hana_asset_management","sap_s4hana","Asset Management","line_of_business","Gestão do ciclo de vida de ativos.","Planejar e executar manutenção.","true","sap_source_068","pt-BR"
"sap_s4hana_service","sap_s4hana","Service","line_of_business","Gestão de serviços e atendimento.","Executar processos de serviço integrados.","true","sap_source_069","pt-BR"
"sap_s4hana_embedded_analytics","sap_s4hana","Embedded Analytics","analytics","KPIs, relatórios e análises incorporadas.","Analisar no contexto operacional.","true","sap_source_054","pt-BR"
"sap_s4hana_sap_central_business_configuration","sap_s4hana","SAP Central Business Configuration","implementation_service","Serviço para escopo e configuração da Public Edition.","Centralizar configuração do landscape cloud.","false","sap_source_058","pt-BR"
"sap_successfactors_component_001_item","sap_successfactors","Employee Central","internal_component","Sistema global de core HR.","Gerir dados e processos de pessoas","true","sap_source_083","pt-BR"
"sap_successfactors_component_002_item","sap_successfactors","Employee Central Payroll","separate_sap_product","Folha em nuvem integrada ao core HR.","Processar payroll","false","sap_source_084","pt-BR"
"sap_successfactors_component_003_item","sap_successfactors","Recruiting","internal_component","Recrutamento e applicant tracking.","Atrair e contratar","true","sap_source_085","pt-BR"
"sap_successfactors_component_004_item","sap_successfactors","Onboarding","internal_component","Jornadas de entrada e transição.","Integrar novos colaboradores","true","sap_source_086","pt-BR"
"sap_successfactors_component_005_item","sap_successfactors","Performance & Goals","internal_component","Metas e avaliações.","Gerir desempenho","true","sap_source_087","pt-BR"
"sap_successfactors_component_006_item","sap_successfactors","Compensation","internal_component","Planejamento de remuneração.","Recompensar pessoas","true","sap_source_088","pt-BR"
"sap_successfactors_component_007_item","sap_successfactors","Learning","separate_sap_product","LMS corporativo cloud.","Treinar e desenvolver","false","sap_source_089","pt-BR"
"sap_successfactors_component_008_item","sap_successfactors","Career and Talent Development","internal_component","Carreira, sucessão e habilidades.","Desenvolver talentos","true","sap_source_090","pt-BR"
"sap_successfactors_component_009_item","sap_successfactors","People Analytics","internal_component","Analytics e reporting de RH.","Gerar insights","true","sap_source_091","pt-BR"
"sap_successfactors_component_010_item","sap_successfactors","Qualtrics Employee Experience","complementary_solution","Experiência e feedback do colaborador.","Medir sentimento e agir","false","sap_source_092","pt-BR"
"sap_successfactors_component_011_item","sap_successfactors","SuccessFactors Platform","service","RBP, MDF, home page, profile e configuração.","Serviços comuns da suite","false","sap_source_093","pt-BR"
"sap_ariba_component_001_item","sap_ariba","SAP Ariba Sourcing","separate_sap_product","Sourcing estratégico e eventos","Selecionar fornecedores","false","sap_source_102","pt-BR"
"sap_ariba_component_002_item","sap_ariba","SAP Ariba Contracts","separate_sap_product","Gestão do ciclo de contratos","Governar contratos","false","sap_source_103","pt-BR"
"sap_ariba_component_003_item","sap_ariba","SAP Ariba Supplier Lifecycle and Performance","separate_sap_product","Gestão e desempenho de fornecedores","Gerir fornecedores","false","sap_source_104","pt-BR"
"sap_ariba_component_004_item","sap_ariba","SAP Ariba Buying","separate_sap_product","Compras e requisições","Automatizar procurement","false","sap_source_105","pt-BR"
"sap_ariba_component_005_item","sap_ariba","SAP Ariba Buying and Invoicing","separate_sap_product","Procure-to-pay integrado","Comprar e faturar","false","sap_source_105","pt-BR"
"sap_ariba_component_006_item","sap_ariba","SAP Ariba Guided Buying","feature","Experiência guiada de compra","Direcionar usuários","true","sap_source_105","pt-BR"
"sap_ariba_component_007_item","sap_ariba","SAP Ariba Catalog","separate_sap_product","Catálogos de procurement","Centralizar conteúdo","false","sap_source_106","pt-BR"
"sap_ariba_component_008_item","sap_ariba","SAP Ariba Invoicing","separate_sap_product","Automação de faturas","Processar invoices","false","sap_source_107","pt-BR"
"sap_ariba_component_009_item","sap_ariba","SAP Ariba Spend Analysis","separate_sap_product","Análise de gastos","Criar visibilidade","false","sap_source_108","pt-BR"
"sap_ariba_component_010_item","sap_ariba","SAP Business Network","complementary_solution","Rede de colaboração comercial","Conectar compradores e fornecedores","false","sap_source_101","pt-BR"
"sap_datasphere_component_001_item","sap_datasphere","SAP Datasphere Catalog","internal_component","Catálogo para descoberta e governança de ativos.","Encontrar e entender dados","true","sap_source_116","pt-BR"
"sap_datasphere_component_002_item","sap_datasphere","Data Builder","internal_component","Ferramentas para persistir, modelar e transformar dados.","Criar camadas de dados","true","sap_source_117","pt-BR"
"sap_datasphere_component_003_item","sap_datasphere","Business Builder","internal_component","Modelagem de entidades de negócio e relacionamentos.","Definir semântica","true","sap_source_115","pt-BR"
"sap_datasphere_component_004_item","sap_datasphere","Data Integration Monitor","internal_component","Monitoramento de fluxos e cargas.","Operar integrações","true","sap_source_121","pt-BR"
"sap_datasphere_component_005_item","sap_datasphere","Spaces","internal_component","Contêineres de recursos, permissões e dados.","Separar domínios","true","sap_source_121","pt-BR"
"sap_datasphere_component_006_item","sap_datasphere","Connections","internal_component","Configura acesso a sistemas de origem.","Conectar fontes","true","sap_source_118","pt-BR"
"sap_datasphere_component_007_item","sap_datasphere","Data Flows","internal_component","Fluxos gráficos de transformação.","Mover e preparar dados","true","sap_source_119","pt-BR"
"sap_datasphere_component_008_item","sap_datasphere","Replication Flows","internal_component","Fluxos de replicação para destinos.","Replicar dados","true","sap_source_120","pt-BR"
"sap_datasphere_component_009_item","sap_datasphere","SAP Business Data Cloud","complementary_solution","Oferta mais ampla de dados, analytics e IA.","Unificar ciclo de dados e IA","false","sap_source_115","pt-BR"
"sap_datasphere_component_010_item","sap_datasphere","SAP Analytics Cloud","complementary_solution","Analytics, BI e planejamento sobre dados.","Consumir insights","false","sap_source_125","pt-BR"
"sap_datasphere_component_011_item","sap_datasphere","SAP HANA Cloud","complementary_solution","Banco de dados cloud relacionado à fundação de dados.","Processar e armazenar dados","false","sap_source_126","pt-BR"
"sap_analytics_cloud_component_001_item","sap_analytics_cloud","Stories","internal_component","Dashboards e relatórios interativos.","Visualizar e comunicar insights","true","sap_source_132","pt-BR"
"sap_analytics_cloud_component_002_item","sap_analytics_cloud","Models","internal_component","Estruturas de dados para analytics e planejamento.","Padronizar medidas e dimensões","true","sap_source_132","pt-BR"
"sap_analytics_cloud_component_003_item","sap_analytics_cloud","Planning","internal_component","Funções para orçamento, forecast e simulação.","Planejar cenários","true","sap_source_133","pt-BR"
"sap_analytics_cloud_component_004_item","sap_analytics_cloud","Analytics Designer","internal_component","Ambiente para aplicações analíticas customizadas.","Criar experiências avançadas","true","sap_source_134","pt-BR"
"sap_analytics_cloud_component_005_item","sap_analytics_cloud","Smart Predict","internal_component","Recursos de predição e machine learning.","Criar previsões","true","sap_source_132","pt-BR"
"sap_analytics_cloud_component_006_item","sap_analytics_cloud","Calendar","internal_component","Calendário de tarefas e processos de planejamento.","Coordenar ciclos","true","sap_source_132","pt-BR"
"sap_analytics_cloud_component_007_item","sap_analytics_cloud","SAP Analytics Cloud mobile","complementary_solution","Aplicativo móvel e administração relacionada.","Consumir informações móveis","false","sap_source_137","pt-BR"
"sap_analytics_cloud_component_008_item","sap_analytics_cloud","SAP Datasphere","complementary_solution","Camada de dados e semântica para consumo analítico.","Fornecer dados governados","false","sap_source_139","pt-BR"
"sap_analytics_cloud_component_009_item","sap_analytics_cloud","SAP Business Data Cloud","complementary_solution","Oferta ampla de dados, analytics e IA.","Unificar dados e analytics","false","sap_source_140","pt-BR"
"sap_analytics_cloud_component_010_item","sap_analytics_cloud","SAP S/4HANA","complementary_solution","Fonte e cenário de analytics e planejamento integrado.","Analisar processos ERP","false","sap_source_141","pt-BR"
"sap_signavio_component_001_item","sap_signavio","SAP Signavio Process Manager","internal_component","Modelagem, desenho e simulação de processos.","Gerir processo de ponta a ponta","true","sap_source_150","pt-BR"
"sap_signavio_component_002_item","sap_signavio","SAP Signavio Process Intelligence","internal_component","Process mining e análise de performance.","Descobrir e melhorar processos","true","sap_source_151","pt-BR"
"sap_signavio_component_003_item","sap_signavio","SAP Signavio Process Collaboration Hub","internal_component","Portal de colaboração e consumo de conteúdo.","Compartilhar processos","true","sap_source_149","pt-BR"
"sap_signavio_component_004_item","sap_signavio","SAP Signavio Journey Modeler","internal_component","Modelagem de jornadas e experiências.","Conectar jornadas e processos","true","sap_source_149","pt-BR"
"sap_signavio_component_005_item","sap_signavio","SAP Signavio Process Governance","internal_component","Automação e governança de workflows de processo.","Controlar mudanças","true","sap_source_149","pt-BR"
"sap_signavio_component_006_item","sap_signavio","SAP Signavio Process Explorer","internal_component","Conteúdo e melhores práticas de processo.","Acelerar descoberta","true","sap_source_152","pt-BR"
"sap_signavio_component_007_item","sap_signavio","SAP Signavio Process Recommender","feature","Recomenda processos e conteúdo inicial.","Acelerar modelagem","false","sap_source_152","pt-BR"
"sap_signavio_component_008_item","sap_signavio","SAP LeanIX","complementary_solution","Gerenciamento de arquitetura e portfólio de TI.","Conectar processos e arquitetura","false","sap_source_149","pt-BR"
"sap_signavio_component_009_item","sap_signavio","WalkMe","complementary_solution","Adoção digital e orientação contextual.","Apoiar execução de novos processos","false","sap_source_149","pt-BR"
"sap_signavio_component_010_item","sap_signavio","SAP S/4HANA","complementary_solution","Sistema ERP de origem para transformação e mineração.","Conectar processo à execução","false","sap_source_151","pt-BR"
"sap_business_network_component_001_item","sap_business_network","SAP Business Network for Procurement","internal_component","Colaboração de compras, pedidos, faturas e fornecedores.","Conectar source-to-pay","true","sap_source_160","pt-BR"
"sap_business_network_component_002_item","sap_business_network","SAP Business Network for Supply Chain","internal_component","Colaboração de previsões, pedidos, entregas e qualidade.","Conectar cadeia de suprimentos","true","sap_source_164","pt-BR"
"sap_business_network_component_003_item","sap_business_network","SAP Business Network for Logistics","internal_component","Freight collaboration e visibilidade logística.","Orquestrar transporte","true","sap_source_165","pt-BR"
"sap_business_network_component_004_item","sap_business_network","SAP Business Network Asset Collaboration","internal_component","Colaboração de dados e manutenção de ativos.","Aumentar disponibilidade de ativos","true","sap_source_161","pt-BR"
"sap_business_network_component_005_item","sap_business_network","SAP Business Network Discovery","internal_component","Descoberta e relacionamento com parceiros.","Encontrar oportunidades B2B","true","sap_source_160","pt-BR"
"sap_business_network_component_006_item","sap_business_network","Business Network Assistant","feature","Assistente de IA e agentes especializados.","Apoiar execução e exceções","false","sap_source_170","pt-BR"
"sap_business_network_component_007_item","sap_business_network","SAP Ariba","complementary_solution","Soluções de spend e procurement relacionadas.","Executar processos de compras","false","sap_source_162","pt-BR"
"sap_business_network_component_008_item","sap_business_network","SAP S/4HANA","complementary_solution","ERP que integra processos de negócio e supply chain.","Conectar execução interna","false","sap_source_166","pt-BR"
"sap_business_network_component_009_item","sap_business_network","SAP BTP","complementary_solution","Fundação para integração, extensibilidade e escala.","Conectar sistemas SAP e terceiros","false","sap_source_171","pt-BR"
"sap_build_component_001_item","sap_build","SAP Build Apps","internal_component","Desenvolvimento visual low-code de aplicações.","Criar apps empresariais","true","sap_source_174","pt-BR"
"sap_build_component_002_item","sap_build","SAP Build Process Automation","internal_component","Workflows, automação, decisões, RPA e guided procedures.","Automatizar processos","true","sap_source_175","pt-BR"
"sap_build_component_003_item","sap_build","SAP Build Work Zone","internal_component","Portais, sites e workspaces digitais.","Unificar experiências","true","sap_source_176","pt-BR"
"sap_build_component_004_item","sap_build","SAP Build Code","internal_component","Desenvolvimento code-first para extensões e aplicações.","Desenvolver com pro-code","true","sap_source_177","pt-BR"
"sap_build_component_005_item","sap_build","Joule Studio","internal_component","Construção de agentes e skills para Joule.","Criar IA contextual","true","sap_source_182","pt-BR"
"sap_build_component_006_item","sap_build","Joule for Developers","feature","IA para gerar e entender código, apps, testes e automações.","Acelerar desenvolvimento","false","sap_source_183","pt-BR"
"sap_build_component_007_item","sap_build","SAP BTP","complementary_solution","Plataforma de integração, dados, IA e extensibilidade.","Executar e escalar soluções","false","sap_source_173","pt-BR"
"sap_build_component_008_item","sap_build","SAP S/4HANA","complementary_solution","Sistemas de negócio estendidos por Build.","Conectar processos core","false","sap_source_177","pt-BR"
