"benefit_id","product_id","benefit_name","benefit_type","benefit_description","is_quantitative","metric_value","metric_unit","source_id"
"sap_concur_benefit_visibility","sap_concur","Visibilidade unificada de gastos","business","Consolida informações de viagem, despesas e faturas para apoiar decisões.","false","","","sap_source_003"
"sap_concur_benefit_policy_compliance","sap_concur","Maior conformidade com políticas","business","Aplica regras, orientações e verificações ao longo dos fluxos de gasto.","false","","","sap_source_001"
"sap_concur_benefit_faster_reimbursement","sap_concur","Reembolsos mais rápidos","operational","Automatiza etapas e integra o ciclo de despesas do recibo ao pagamento.","false","","","sap_source_004"
"sap_concur_benefit_less_manual_entry","sap_concur","Menos entrada manual","operational","Captura recibos e faturas e pré-preenche dados com automação e IA.","false","","","sap_source_004"
"sap_concur_benefit_mobile_productivity","sap_concur","Produtividade móvel","operational","Permite submissões, gestão de viagem e aprovações em movimento.","false","","","sap_source_001"
"sap_concur_benefit_invoice_accuracy","sap_concur","Maior precisão de faturas","operational","OCR e validação reduzem erros de digitação no processo de faturas.","false","","","sap_source_016"
"sap_concur_benefit_financial_integrity","sap_concur","Integridade financeira","business","Integração e controles ajudam a manter dados e lançamentos financeiros consistentes.","false","","","sap_source_001"
"sap_concur_benefit_integration","sap_concur","Integração ao cenário corporativo","technical","Conectores e APIs ligam SAP Concur a aplicações SAP e sistemas externos.","false","","","sap_source_010"
"sap_concur_benefit_extensibility","sap_concur","Extensibilidade por APIs","technical","APIs abertas permitem desenvolver integrações e extensões específicas.","false","","","sap_source_010"
"sap_concur_benefit_audit_focus","sap_concur","Foco em exceções de maior risco","operational","Auditoria automatizada permite que finanças concentre revisão em casos relevantes.","false","","","sap_source_025"
"sap_concur_benefit_sustainability","sap_concur","Suporte a escolhas sustentáveis","business","Opções e dados de itinerário ajudam a orientar decisões de viagem.","false","","","sap_source_001"
"sap_btp_benefit_agility","sap_btp","Agilidade para inovação","business","Integra capacidades interoperáveis para construir, conectar e evoluir soluções empresariais.","false","","","sap_source_028"
"sap_btp_benefit_clean_core","sap_btp","Extensões alinhadas a clean core","business","Permite inovar sem acoplar extensões ao núcleo das aplicações SAP.","false","","","sap_source_039"
"sap_btp_benefit_reuse","sap_btp","Reutilização de integrações","operational","Conteúdo e aceleradores predefinidos reduzem desenvolvimento manual.","false","","","sap_source_035"
"sap_btp_benefit_automation","sap_btp","Menos trabalho manual","operational","Workflows, decisões, RPA e IA automatizam processos ponta a ponta.","false","","","sap_source_039"
"sap_btp_benefit_data_context","sap_btp","Contexto empresarial para IA","technical","Conecta dados SAP e processos a agentes e aplicações de IA.","false","","","sap_source_036"
"sap_btp_benefit_governance","sap_btp","Governança empresarial","technical","Aplica identidade, segurança, compliance, monitoramento e controles centralizados.","false","","","sap_source_038"
"sap_btp_benefit_multicloud","sap_btp","Flexibilidade multicloud","technical","Opera sobre infraestruturas de SAP e hyperscalers em diferentes regiões.","false","","","sap_source_037"
"sap_btp_benefit_hybrid","sap_btp","Integração híbrida","technical","Conecta serviços cloud a sistemas on-premise e private cloud.","false","","","sap_source_041"
"sap_btp_benefit_developer_choice","sap_btp","Escolha de abordagens de desenvolvimento","technical","Suporta low-code, pro-code, ABAP e runtimes cloud-native.","false","","","sap_source_046"
"sap_btp_benefit_observability","sap_btp","Operações observáveis","operational","Logging, monitoramento e Cloud ALM apoiam lifecycle e resolução de problemas.","false","","","sap_source_049"
"sap_btp_benefit_scalability","sap_btp","Escalabilidade da plataforma","technical","Capacidades centrais padronizam, protegem e escalam soluções em landscapes complexos.","false","","","sap_source_038"
"sap_btp_benefit_adoption","sap_btp","Experimentação com baixo risco","business","Trial e free tier permitem aprendizado, prototipagem e testes antes de ampliar consumo.","false","","","sap_source_044"
"sap_s4hana_processos_integrados","sap_s4hana","Processos integrados","operational","Conecta áreas e reduz transferências manuais entre sistemas.","false","","","sap_source_054"
"sap_s4hana_visibilidade_em_tempo_real","sap_s4hana","Visibilidade em tempo real","analytics","Disponibiliza indicadores e detalhes transacionais atuais.","false","","","sap_source_054"
"sap_s4hana_automacao_incorporada","sap_s4hana","Automação incorporada","productivity","Reduz tarefas repetitivas com workflows, regras e IA.","false","","","sap_source_062"
"sap_s4hana_experiencia_orientada_por_funcao","sap_s4hana","Experiência orientada por função","user_experience","SAP Fiori apresenta tarefas e informações relevantes ao papel.","false","","","sap_source_057"
"sap_s4hana_escalabilidade_cloud","sap_s4hana","Escalabilidade cloud","technology","Permite crescer com usuários, módulos e processos conforme demanda.","false","","","sap_source_054"
"sap_s4hana_custos_previsiveis_na_public_edition","sap_s4hana","Custos previsíveis na Public Edition","financial","Modelo de assinatura reduz investimento inicial em infraestrutura.","false","","","sap_source_054"
"sap_s4hana_flexibilidade_na_private_edition","sap_s4hana","Flexibilidade na Private Edition","technology","Suporta customizações e migração do investimento ERP existente.","false","","","sap_source_055"
"sap_s4hana_clean_core","sap_s4hana","Clean core","technology","Reduz dívida técnica e facilita adoção de inovações.","false","","","sap_source_060"
"sap_s4hana_padronizacao_por_best_practices","sap_s4hana","Padronização por best practices","implementation","Processos pré-configurados aceleram desenho e implementação.","false","","","sap_source_058"
"sap_s4hana_decisoes_contextualizadas","sap_s4hana","Decisões contextualizadas","analytics","Une transações, semântica e analytics no mesmo ERP.","false","","","sap_source_057"
"sap_s4hana_operacoes_globais","sap_s4hana","Operações globais","compliance","Localizações ajudam a atender requisitos regionais.","false","","","sap_source_055"
"sap_s4hana_base_para_erp_autonomo","sap_s4hana","Base para ERP autônomo","strategy","Dados e processos centrais fundamentam agentes e automação avançada.","false","","","sap_source_055"
"sap_successfactors_benefit_001_item","sap_successfactors","Suite integrada","operational","Unifica processos e dados de RH em uma plataforma.","false","","","sap_source_080"
"sap_successfactors_benefit_002_item","sap_successfactors","Escala global","strategy","Capacidades globais e atualizações legais em mais de 100 países e territórios.","false","","","sap_source_080"
"sap_successfactors_benefit_003_item","sap_successfactors","Employee self-service","experience","Permite que pessoas realizem tarefas e encontrem informações.","false","","","sap_source_083"
"sap_successfactors_benefit_004_item","sap_successfactors","Decisões orientadas por dados","analytics","People Analytics apoia decisões da força de trabalho.","false","","","sap_source_091"
"sap_successfactors_benefit_005_item","sap_successfactors","Desenvolvimento baseado em skills","talent","Conecta habilidades a aprendizagem e carreira.","false","","","sap_source_090"
"sap_successfactors_benefit_006_item","sap_successfactors","Automação responsável","productivity","Joule e agentes simplificam tarefas de RH.","false","","","sap_source_080"
"sap_successfactors_benefit_007_item","sap_successfactors","Melhor experiência do colaborador","experience","Jornadas e feedback ajudam a melhorar interações.","false","","","sap_source_092"
"sap_successfactors_benefit_008_item","sap_successfactors","Compliance de aprendizagem","compliance","Acompanha treinamentos e certificações.","false","","","sap_source_089"
"sap_successfactors_benefit_009_item","sap_successfactors","Padronização de processos","operations","Workflows e modelos comuns reduzem variações.","false","","","sap_source_093"
"sap_successfactors_benefit_010_item","sap_successfactors","Integração com ERP","integration","Conecta pessoas e finanças a processos empresariais.","false","","","sap_source_094"
"sap_ariba_benefit_001_item","sap_ariba","Spend visibility","analytics","Consolida e classifica gastos para decisões","false","","","sap_source_108"
"sap_ariba_benefit_002_item","sap_ariba","Policy compliance","compliance","Guided buying e controles direcionam compras aprovadas","false","","","sap_source_105"
"sap_ariba_benefit_003_item","sap_ariba","Supplier collaboration","network","Digitaliza documentos e comunicação com parceiros","false","","","sap_source_101"
"sap_ariba_benefit_004_item","sap_ariba","Faster sourcing","productivity","Automação reduz etapas manuais de sourcing","false","","","sap_source_102"
"sap_ariba_benefit_005_item","sap_ariba","Invoice efficiency","financial","Validação e reconciliação reduzem exceções","false","","","sap_source_107"
"sap_ariba_benefit_006_item","sap_ariba","Supplier risk visibility","risk","Dados de ciclo de vida apoiam decisões de fornecedor","false","","","sap_source_104"
"sap_ariba_benefit_007_item","sap_ariba","User adoption","experience","Experiência guiada facilita compras","false","","","sap_source_105"
"sap_ariba_benefit_008_item","sap_ariba","ERP integration","integration","Conecta procurement cloud ao núcleo financeiro e logístico","false","","","sap_source_112"
"sap_datasphere_benefit_001_item","sap_datasphere","Business context preserved","data","Mantém semântica e lógica de negócio ao conectar dados.","false","","","sap_source_115"
"sap_datasphere_benefit_002_item","sap_datasphere","Trusted data access","governance","Catálogo e governança facilitam encontrar dados confiáveis.","false","","","sap_source_116"
"sap_datasphere_benefit_003_item","sap_datasphere","Hybrid and multicloud connectivity","technology","Conecta fontes SAP e terceiros em cenários híbridos e multicloud.","false","","","sap_source_115"
"sap_datasphere_benefit_004_item","sap_datasphere","Reduced data duplication","efficiency","Virtualização e federação reduzem cópias quando aplicável.","false","","","sap_source_116"
"sap_datasphere_benefit_005_item","sap_datasphere","Faster analytics delivery","analytics","Modelos e conteúdo reduzem tempo para consumo.","false","","","sap_source_123"
"sap_datasphere_benefit_006_item","sap_datasphere","Data reuse","governance","Data products favorecem compartilhamento reutilizável.","false","","","sap_source_122"
"sap_datasphere_benefit_007_item","sap_datasphere","AI readiness","ai","Dados contextualizados apoiam analytics e IA.","false","","","sap_source_115"
"sap_datasphere_benefit_008_item","sap_datasphere","Managed cloud service","operations","Serviço cloud gerenciado simplifica operação da plataforma.","false","","","sap_source_117"
"sap_analytics_cloud_benefit_001_item","sap_analytics_cloud","Unified analytics and planning","strategy","Une BI, analytics avançado e planejamento no mesmo produto.","false","","","sap_source_131"
"sap_analytics_cloud_benefit_002_item","sap_analytics_cloud","Business context","data","Integra dados e aplicações SAP com contexto de negócio.","false","","","sap_source_131"
"sap_analytics_cloud_benefit_003_item","sap_analytics_cloud","Faster decisions","productivity","Move de insight para simulação e ação na mesma solução.","false","","","sap_source_131"
"sap_analytics_cloud_benefit_004_item","sap_analytics_cloud","Real-time access","technology","Live connections analisam dados sem upload para SAC.","false","","","sap_source_135"
"sap_analytics_cloud_benefit_005_item","sap_analytics_cloud","Self-service","experience","Stories e modelos ampliam autonomia de usuários.","false","","","sap_source_132"
"sap_analytics_cloud_benefit_006_item","sap_analytics_cloud","Collaborative planning","collaboration","Comentários, calendário e versões apoiam planejamento compartilhado.","false","","","sap_source_132"
"sap_analytics_cloud_benefit_007_item","sap_analytics_cloud","AI-assisted insights","ai","Joule e recursos aumentados simplificam exploração de dados.","false","","","sap_source_138"
"sap_analytics_cloud_benefit_008_item","sap_analytics_cloud","Cloud delivery","operations","SaaS permite inovação contínua e acesso cloud.","false","","","sap_source_132"
"sap_signavio_benefit_001_item","sap_signavio","Shared process understanding","collaboration","Modelos e colaboração criam linguagem comum.","false","","","sap_source_150"
"sap_signavio_benefit_002_item","sap_signavio","Data-driven improvement","analytics","Process mining revela desempenho e ineficiências.","false","","","sap_source_151"
"sap_signavio_benefit_003_item","sap_signavio","Continuous optimization","operations","Permite medir, planejar e acompanhar melhorias.","false","","","sap_source_149"
"sap_signavio_benefit_004_item","sap_signavio","Faster process modeling","productivity","IA e recomendações aceleram modelos iniciais.","false","","","sap_source_152"
"sap_signavio_benefit_005_item","sap_signavio","Transformation governance","governance","Conteúdo, owners e workflows estruturam mudança.","false","","","sap_source_150"
"sap_signavio_benefit_006_item","sap_signavio","Better adoption","change_management","Integração com soluções de adoção apoia execução.","false","","","sap_source_149"
"sap_signavio_benefit_007_item","sap_signavio","Reduced change risk","risk","Simulação ajuda a avaliar impactos antes de implementar.","false","","","sap_source_150"
"sap_signavio_benefit_008_item","sap_signavio","AI-assisted insight","ai","Joule e recursos textuais apoiam análise e orientação.","false","","","sap_source_155"
"sap_business_network_benefit_001_item","sap_business_network","Network visibility","visibility","Visibilidade compartilhada sobre pedidos, estoque, entregas e eventos.","false","","","sap_source_160"
"sap_business_network_benefit_002_item","sap_business_network","Operational efficiency","productivity","Automação e regras reduzem trabalho manual.","false","","","sap_source_160"
"sap_business_network_benefit_003_item","sap_business_network","Resilience","risk","Parceiros respondem mais rapidamente a interrupções.","false","","","sap_source_160"
"sap_business_network_benefit_004_item","sap_business_network","Faster onboarding","supplier_enablement","Acelera conexão e ativação de fornecedores.","false","","","sap_source_170"
"sap_business_network_benefit_005_item","sap_business_network","Compliance","compliance","Apoia políticas, documentação e e-invoicing.","false","","","sap_source_160"
"sap_business_network_benefit_006_item","sap_business_network","Lower logistics cost","cost","Melhor coordenação de transporte e frete.","false","","","sap_source_165"
"sap_business_network_benefit_007_item","sap_business_network","Asset uptime","asset_management","Dados compartilhados melhoram manutenção e disponibilidade.","false","","","sap_source_161"
"sap_business_network_benefit_008_item","sap_business_network","Partner growth","commerce","Discovery e catálogo apoiam novas oportunidades.","false","","","sap_source_168"
"sap_build_benefit_001_item","sap_build","Faster delivery","productivity","Low-code, pro-code e IA aceleram criação e extensão.","false","","","sap_source_173"
"sap_build_benefit_002_item","sap_build","Process efficiency","automation","Workflows e RPA reduzem trabalho manual.","false","","","sap_source_175"
"sap_build_benefit_003_item","sap_build","Unified experience","workspace","Work Zone centraliza apps, conteúdo e tarefas.","false","","","sap_source_176"
"sap_build_benefit_004_item","sap_build","Developer flexibility","development","A oferta combina visual, code-first e ferramentas abertas.","false","","","sap_source_173"
"sap_build_benefit_005_item","sap_build","AI-assisted development","ai","Joule acelera geração, testes e entendimento de código.","false","","","sap_source_183"
"sap_build_benefit_006_item","sap_build","Governed innovation","governance","Papéis, controles e contexto SAP apoiam soluções seguras.","false","","","sap_source_178"
"sap_build_benefit_007_item","sap_build","Clean core extensibility","architecture","Extensões side-by-side reduzem customizações no core.","false","","","sap_source_177"
"sap_build_benefit_008_item","sap_build","Agentic automation","agentic_ai","Joule Studio permite criar agentes para workflows específicos.","false","","","sap_source_182"
