"source_id","source_title","source_url","source_domain","source_type","official_sap_source","publication_date","updated_date","accessed_at","relevant_section","source_language","notes"
"sap_source_001","Travel and Expense Management Software | SAP Concur Solutions","https://www.sap.com/products/financial-management/travel-and-expense-management.html","sap.com","product_page","true","","","2026-08-19","Visão geral; capacidades; assistentes; integração; mobile","en-US",""
"sap_source_002","Spend Management Software for Travel, Expense, Invoice | SAP Concur","https://www.concur.com/","concur.com","product_page","true","","","2026-08-19","Portfólio atual; Concur Expense; Travel; Invoice; integrações","en-US","Domínio oficial SAP Concur, vinculado pela página SAP do produto."
"sap_source_003","Summarizing Key Capabilities of Concur Travel & Expense","https://learning.sap.com/courses/discovering-travel-expense-solutions/summarizing-key-capabilities-of-concur-travel-expense-1","learning.sap.com","help_documentation","true","","","2026-08-19","Capacidades de Expense e Travel; mobile; conectores","en-US",""
"sap_source_004","Introduction to Concur Expense","https://learning.sap.com/courses/concur-expense-learning-journey-for-customer-end-users/introduction-to-concur-expense_ce973f2c-5142-410e-a694-004cf9ab43ea","learning.sap.com","help_documentation","true","","","2026-08-19","Ciclo de despesas; mobile; ExpenseIt","en-US",""
"sap_source_005","Maximizing Value by Pairing SAP Concur with SAP BTP","https://learning.sap.com/courses/discovering-travel-expense-solutions/maximizing-value-by-pairing-sap-concur-with-the-business-technology-platform-2","learning.sap.com","integration_documentation","true","","","2026-08-19","Travel-to-Reimburse; SAP BTP; SuccessFactors; S/4HANA; identidade","en-US",""
"sap_source_006","Integration with SAP Concur","https://help.sap.com/docs/SAP_S4HANA_ON-PREMISE/8308e6d301d54584a33cd04a9861bc52/c682b0c107a5447fa2c0885134ad5f8c.html","help.sap.com","integration_documentation","true","","","2026-08-19","Lançamento, processamento e reembolso com SAP S/4HANA","en-US",""
"sap_source_007","Analyzing the Value of Concur Travel & Expense for Industries","https://learning.sap.com/courses/discovering-travel-expense-solutions/analyzing-the-value-of-concur-travel-expense-for-industries-1","learning.sap.com","industry_page","true","","","2026-08-19","Setores regulados; setor público; FedRAMP; indústrias","en-US",""
"sap_source_008","SAP Concur Pricing for Expense, Travel, Invoice Solutions","https://www.concur.com/about/pricing","concur.com","pricing_page","true","","","2026-08-19","Planos Base, Plus e Premium; preços e condições","en-US","Domínio oficial SAP Concur, vinculado pela página SAP do produto."
"sap_source_009","Business Expense Management Software + Automation","https://www.concur.com/products/concur-expense","concur.com","product_page","true","","","2026-08-19","Concur Expense; cloud; automação; preços","en-US","Domínio oficial SAP Concur, vinculado pela página SAP do produto."
"sap_source_010","SAP Concur Integration and Extensibility","https://pages.community.sap.com/topics/concur-extensibility","pages.community.sap.com","official_community_content","true","","","2026-08-19","APIs; integrações SAP; Analytics Cloud; Travel-to-Reimburse","en-US",""
"sap_source_011","Concur solutions, Joule","https://www.sap.com/products/spend-management/concur-solutions-joule.html","sap.com","feature_page","true","","","2026-08-19","Joule; finalidade; compatibilidade; licenciamento de IA","en-US",""
"sap_source_012","Concur Expense, hotel receipt itemization","https://www.sap.com/products/spend-management/concur-expense-hotel-receipt-itemization.html","sap.com","feature_page","true","","","2026-08-19","Itemização por GenAI; ExpenseIt; preço sob consulta","en-US",""
"sap_source_013","Concur Travel, AI-assisted recommendations","https://www.sap.com/products/spend-management/concur-travel-aiassisted-recommendations.html","sap.com","feature_page","true","","","2026-08-19","Recomendações de voo e carro; política; preço sob consulta","en-US",""
"sap_source_014","Concur Expense, Policy Assistance","https://www.sap.com/products/spend-management/concur-expense-policy-assistance.html","sap.com","feature_page","true","","","2026-08-19","Dicas de política geradas por IA","en-US",""
"sap_source_015","Concur Expense, Intelligent Audit","https://www.sap.com/products/spend-management/concur-expense-intelligent-audit.html","sap.com","feature_page","true","","","2026-08-19","Auditoria com IA e auditores humanos","en-US",""
"sap_source_016","Concur Invoice, invoice capture","https://www.sap.com/products/spend-management/concur-invoice-invoice-capture.html","sap.com","feature_page","true","","","2026-08-19","OCR; captura; validação; aprovação; preço sob consulta","en-US",""
"sap_source_017","Key Concur Expense Features","https://help.sap.com/docs/SAP_CONCUR_SECURITY/3c0f9f91f95f48779c232e2492b1a8a4/b76b9fcf768841cf8ca75c8f539e3a4d.html","help.sap.com","security_documentation","true","","","2026-08-19","Políticas de senha e SSO","en-US",""
"sap_source_018","Compliance Document Finder | SAP Trust Center","https://www.sap.com/about/trust-center/certification-compliance/compliance-finder.html","sap.com","security_documentation","true","","","2026-08-19","ENS Level HIGH para SAP Concur","en-US",""
"sap_source_019","SAP Concur SOC 2 Audit Report 2025","https://www.sap.com/about/trust-center/certification-compliance/sap-concur-soc-2-audit-report-2025-h1.html","sap.com","security_documentation","true","2025-01-01","","2026-08-19","SOC 2 Type 2; período e princípios cobertos","en-US",""
"sap_source_020","SAP Concur Travel and Expense 2025 EMEA PCI Attestation","https://www.sap.com/about/trust-center/certification-compliance/sap-concur-pci-emea-2025.html","sap.com","security_documentation","true","2025-09-12","","2026-08-19","SaaS; aplicações; PCI DSS; data do atestado","en-US",""
"sap_source_021","Concur Expense","https://help.sap.com/docs/concur-expense","help.sap.com","help_documentation","true","","","2026-08-19","Documentação oficial do produto","en-US",""
"sap_source_022","Configuring Payment Card Integration","https://help.sap.com/docs/concur-expense/concur-expense-professional-edition-administration-guides/configuring-payment-card-integration","help.sap.com","integration_documentation","true","","","2026-08-19","Integração com parceiros de cartões via APIs","en-US",""
"sap_source_023","QuickBooks Integration Using Concur Financial Integration Service","https://help.sap.com/docs/concur-expense/concur-expense-standard-edition-administration-guides/quickbooks-integration-using-concur-financial-integration-service","help.sap.com","integration_documentation","true","","","2026-08-19","Integração QuickBooks por APIs","en-US",""
"sap_source_024","Concur Request, request assistant","https://www.sap.com/products/spend-management/concur-request-request-assistant.html","sap.com","feature_page","true","","","2026-08-19","Estimativas de viagem por GenAI; Concur Request","en-US",""
"sap_source_025","Automate expense audits with AI","https://www.sap.com/uk/use-cases/automate-expense-audits","sap.com","use_case_page","true","","","2026-08-19","Verify; auditoria de relatórios; anomalias e políticas","en-US",""
"sap_source_026","SAP Business Technology Platform | SAP","https://www.sap.com/products/technology-platform.html","sap.com","product_page","true","","","2026-08-19","Posicionamento atual; Business AI Platform; Joule Studio; Integration Suite","en-US",""
"sap_source_027","SAP Business Technology Platform | SAP Help Portal","https://help.sap.com/docs/btp/sap-business-technology-platform/sap-business-technology-platform","help.sap.com","help_documentation","true","","","2026-08-19","Definição e capacidades gerais","en-US",""
"sap_source_028","SAP Business Technology Platform | SAP Learning","https://learning.sap.com/products/business-technology-platform","learning.sap.com","help_documentation","true","","","2026-08-19","Ambiente unificado; integração; dados; analytics; IA; desenvolvimento","en-US",""
"sap_source_029","Pricing | SAP Business Technology Platform","https://www.sap.com/products/technology-platform/pricing.html","sap.com","pricing_page","true","","","2026-08-19","Pay-As-You-Go; Enterprise Agreement; Subscription; free tier","en-US",""
"sap_source_030","SAP Unveils the Autonomous Enterprise","https://news.sap.com/2026/05/sap-sapphire-sap-unveils-autonomous-enterprise/","news.sap.com","other_official_sap","true","2026-05-12","","2026-08-19","SAP Business AI Platform; unificação de BTP, BDC e Business AI","en-US",""
"sap_source_031","SAP Business Technology Platform (SAP BTP)","https://help.sap.com/docs/btp","help.sap.com","help_documentation","true","","","2026-08-19","Portal de documentação; ambientes e serviços","en-US",""
"sap_source_032","Explaining how the Recent Rebranding Displays in This Material","https://learning.sap.com/courses/sap-java-process-integration/explaining-how-the-recent-rebranding-displays-in-this-material_b38d8d87-cb88-4f89-abe8-c724049e8364","learning.sap.com","other_official_sap","true","","","2026-08-19","Evolução da marca SAP Cloud Platform para SAP BTP","en-US",""
"sap_source_033","SAP Business Technology Platform | Use Cases","https://www.sap.com/products/technology-platform/use-cases.html","sap.com","use_case_page","true","","","2026-08-19","Fechamento financeiro; aplicativo móvel de RH; onboarding","en-US",""
"sap_source_034","Describing the Key Areas of SAP BTP","https://learning.sap.com/courses/discovering-sap-business-technology-platform-1/describing-the-key-areas-of-sap-business-technology-platform_aa41bbd6-2059-47a2-8420-2b1d2cd096be","learning.sap.com","help_documentation","true","","","2026-08-19","Áreas atuais de capacidades","en-US",""
"sap_source_035","SAP Integration Suite","https://www.sap.com/products/technology-platform/integration-suite.html","sap.com","product_page","true","","","2026-08-19","iPaaS; conteúdo predefinido; APIs; eventos; IA","en-US",""
"sap_source_036","AI in SAP BTP","https://www.sap.com/products/technology-platform/ai.html","sap.com","feature_page","true","","","2026-08-19","Agentes; governança; AI Foundation; Document AI","en-US",""
"sap_source_037","Illustrating the Architecture of SAP BTP","https://learning.sap.com/courses/exploring-sap-business-technology-platform/illustrating-the-architecture-of-sap-btp_dece8e77-4191-4452-8595-171fa1a4aae7","learning.sap.com","help_documentation","true","","","2026-08-19","Accounts; regiões; ambientes; serviços; hyperscalers","en-US",""
"sap_source_038","SAP BTP Core Platform Capabilities and Services","https://www.sap.com/products/technology-platform/core-platform-capabilities.html","sap.com","feature_page","true","","","2026-08-19","ALM; segurança; interoperabilidade; operações; multicloud","en-US",""
"sap_source_039","SAP Build - App Development and Automation","https://www.sap.com/products/technology-platform/build.html","sap.com","product_page","true","","","2026-08-19","Aplicações; automação; ABAP; Joule; clean core","en-US",""
"sap_source_040","Cloud Foundry Environment","https://help.sap.com/docs/btp/sap-business-technology-platform/cloud-foundry-environment","help.sap.com","help_documentation","true","","","2026-08-19","Runtime Cloud Foundry","en-US",""
"sap_source_041","Connecting to Remote Systems","https://help.sap.com/docs/btp/btp-developers-guide/connecting-to-remote-systems","help.sap.com","integration_documentation","true","","","2026-08-19","Conectividade on-premise e private cloud","en-US",""
"sap_source_042","ABAP environments for SAP S/4HANA Cloud and SAP BTP","https://www.sap.com/products/technology-platform/abap/environment.html","sap.com","feature_page","true","","","2026-08-19","ABAP environment; extensibilidade side-by-side","en-US",""
"sap_source_043","Explaining Identity Provisioning Reference Architecture","https://learning.sap.com/courses/architecting-security-for-sap-business-technology-platform/explaining-identity-provisioning-reference-architecture","learning.sap.com","security_documentation","true","","","2026-08-19","SAP Cloud Identity Services; OIDC; SAML 2.0","en-US",""
"sap_source_044","SAP Business Technology Platform | Free Trial","https://www.sap.com/products/technology-platform/trial.html","sap.com","pricing_page","true","","","2026-08-19","Trial de 90 dias; limitações e encerramento","en-US",""
"sap_source_045","Discovering the AI & Data Foundation with SAP HANA Cloud","https://learning.sap.com/courses/exploring-sap-business-technology-platform/discovering-the-value-of-sap-hana-cloud-and-other-database-services_e5c2f489-0cd3-452b-baa8-a06e396c7cba","learning.sap.com","help_documentation","true","","","2026-08-19","SAP HANA Cloud; dados; DBaaS; IA","en-US",""
"sap_source_046","Build AI Agents on SAP BTP","https://architecture.learning.sap.com/docs/golden-path/ai-golden-path/build-and-deliver/build-ai-agents","architecture.learning.sap.com","help_documentation","true","2026-04-23","","2026-08-19","Agentes low-code e pro-code; AI Core; RAG; A2A; MCP","en-US",""
"sap_source_047","Authorization and Trust Management Service","https://help.sap.com/docs/btp/sap-business-technology-platform/what-is-sap-authorization-and-trust-management-service","help.sap.com","security_documentation","true","","","2026-08-19","XSUAA; autorização e confiança","en-US",""
"sap_source_048","SAP BTP Security Recommendations","https://help.sap.com/docs/btp/sap-btp-security-recommendations-c8a9bb59fe624f0981efa0eff2497d7d/sap-btp-security-recommendations","help.sap.com","security_documentation","true","","","2026-08-19","Recomendações centrais de segurança","en-US",""
"sap_source_049","DevOps with SAP BTP","https://architecture.learning.sap.com/docs/ref-arch/b51e91","architecture.learning.sap.com","help_documentation","true","","","2026-08-19","CI/CD; transporte; Cloud ALM; logging; operações","en-US",""
"sap_source_050","Monitoring Usage and Consumption Costs in Your Global Account","https://help.sap.com/docs/btp/sap-business-technology-platform/monitoring-usage-and-consumption-costs-in-your-global-account","help.sap.com","help_documentation","true","","","2026-08-19","Monitoramento de uso e custos","en-US",""
"sap_source_051","Shared Responsibility Model Between You and SAP","https://help.sap.com/docs/btp/btp-admin-guide/shared-responsibility-model-between-you-and-sap","help.sap.com","security_documentation","true","","","2026-08-19","Responsabilidade compartilhada","en-US",""
"sap_source_052","Certifications and Compliance | SAP Trust Center","https://www.sap.com/about/trust-center/certification-compliance.html","sap.com","security_documentation","true","","","2026-08-19","Relatórios Central Cloud Services e acesso a documentos","en-US",""
"sap_source_053","Regions","https://help.sap.com/docs/btp/sap-business-technology-platform/regions","help.sap.com","help_documentation","true","","","2026-08-19","Disponibilidade regional e provedores de infraestrutura","en-US",""
"sap_source_054","SAP S/4HANA Cloud Public Edition","https://www.sap.com/products/erp/s4hana.html","sap.com","product_page","true","","","2026-08-19","Visão geral; capacidades; benefícios; integrações; deployment","en-US",""
"sap_source_055","SAP Cloud ERP Private","https://www.sap.com/products/erp/s4hana-private-edition.html","sap.com","product_page","true","","","2026-08-19","Private Edition; capacidades; segurança; benefícios; IA","en-US",""
"sap_source_056","SAP S/4HANA","https://help.sap.com/docs/SAP_S4HANA_ON-PREMISE","help.sap.com","help_documentation","true","","","2026-08-19","Documentação on-premise; versão 2025","en-US",""
"sap_source_057","Technical Layers and Deployment Variants of SAP S/4HANA","https://learning.sap.com/courses/exploring-sap-cloud-erp/describing-the-technical-layers-and-deployment-variants-of-sap-s-4hana_b81ddd87-646f-4c28-89e0-e29815cb59d5","learning.sap.com","learning_content","true","","","2026-08-19","Arquitetura; nomes; deployment; releases","en-US",""
"sap_source_058","Implementing SAP S/4HANA Cloud Public Edition","https://learning.sap.com/courses/implementing-sap-s-4hana-cloud-public-edition","learning.sap.com","learning_content","true","","","2026-08-19","Implementação; SAP Activate; configuração","en-US",""
"sap_source_059","Implementing SAP S/4HANA Cloud Private Edition","https://learning.sap.com/courses/implementing-sap-s-4hana-cloud-private-edition","learning.sap.com","learning_content","true","","","2026-08-19","Implementação e adoção Private Edition","en-US",""
"sap_source_060","Practice Clean Core Extensibility","https://learning.sap.com/courses/practicing-clean-core-extensibility-for-sap-s-4hana-cloud","learning.sap.com","learning_content","true","","","2026-08-19","Clean core e extensibilidade","en-US",""
"sap_source_061","Extend and Integrate SAP S/4HANA Cloud Public Edition","https://help.sap.com/docs/SAP_S4HANA_CLOUD/0f69f8fb28ac4bf48d2b57b9637e81fa/7139c1648de84c0bbd7637589ed7c92a.html","help.sap.com","integration_documentation","true","","","2026-08-19","Extensibilidade; integração; APIs","en-US",""
"sap_source_062","Joule with SAP S/4HANA Cloud Public Edition","https://www.sap.com/uk/products/erp/joule-with-sap-s4hana-cloud-public-edition.html","sap.com","ai_feature_page","true","","","2026-08-19","Joule; IA incorporada","en-US",""
"sap_source_063","Administrating SAP S/4HANA Cloud Public Edition","https://learning.sap.com/courses/administrating-sap-s-4hana-cloud-public-edition","learning.sap.com","learning_content","true","","","2026-08-19","IAM; administração; jobs; monitoramento","en-US",""
"sap_source_064","Release Cycles in SAP S/4HANA","https://help.sap.com/docs/SAP_S4HANA_ON-PREMISE/8308e6d301d54584a33cd04a9861bc52/4e8cdcc8cbaf4b909217bda9965b7db4.html","help.sap.com","help_documentation","true","","","2026-08-19","Ciclo de releases","en-US",""
"sap_source_065","SAP S/4HANA Sourcing and Procurement","https://learning.sap.com/courses/business-processes-in-sap-s-4hana-sourcing-and-procurement","learning.sap.com","learning_content","true","","","2026-08-19","Compras e procurement","en-US",""
"sap_source_066","SAP S/4HANA Sales Essentials","https://learning.sap.com/courses/exploring-sap-s-4hana-sales-essentials","learning.sap.com","learning_content","true","","","2026-08-19","Vendas e order-to-cash","en-US",""
"sap_source_067","Discovering SAP S/4HANA Manufacturing","https://learning.sap.com/courses/discovering-sap-s-4hana-manufacturing","learning.sap.com","learning_content","true","","","2026-08-19","Manufatura","en-US",""
"sap_source_068","Discovering SAP S/4HANA Asset Management","https://learning.sap.com/courses/discovering-sap-s-4hana-asset-management","learning.sap.com","learning_content","true","","","2026-08-19","Gestão de ativos","en-US",""
"sap_source_069","Discovering SAP S/4HANA Service","https://learning.sap.com/courses/discovering-sap-s-4hana-service","learning.sap.com","learning_content","true","","","2026-08-19","Gestão de serviços","en-US",""
"sap_source_070","Cloud ERP and Two-Tier ERP","https://learning.sap.com/courses/exploring-sap-cloud-erp","learning.sap.com","learning_content","true","","","2026-08-19","Cloud ERP; deployment; two-tier","en-US",""
"sap_source_071","SAP S/4HANA Cloud Public Edition Public Sector","https://learning.sap.com/courses/implementing-budget-management-in-sap-s-4hana-cloud-public-edition-public-sector-higher-education/understanding-sap-s-4hana-cloud-public-edition-for-public-sector_ba95da5d-1181-4f59-8e42-7b9fa85a46bb","learning.sap.com","learning_content","true","","","2026-08-19","Indústrias; integrações; linhas de negócio","en-US",""
"sap_source_072","SAP S/4HANA Cloud Public Edition Innovations","https://www.sap.com/products/erp/s4hana/innovations.html","sap.com","feature_page","true","","","2026-08-19","Inovações e IA","en-US",""
"sap_source_073","Security Guide for SAP S/4HANA Cloud Public Edition","https://help.sap.com/docs/SAP_S4HANA_CLOUD/53e36b5493804bcdb3f6f14de8b487dd","help.sap.com","security_documentation","true","","","2026-08-19","Segurança; identidade; logs","en-US",""
"sap_source_074","Protect Your SAP S/4HANA Cloud Public Edition","https://help.sap.com/docs/SAP_S4HANA_CLOUD/55a7cb346519450cb9e6d21c1ecd6ec1/484053beaaa3455590cbf90ca99d541f.html","help.sap.com","security_documentation","true","","","2026-08-19","Responsabilidade e proteção cloud","en-US",""
"sap_source_075","SAP Trust Center Certifications and Compliance","https://www.sap.com/about/trust-center/certification-compliance.html","sap.com","security_documentation","true","","","2026-08-19","Certificações e compliance","en-US",""
"sap_source_076","SAP S/4HANA Cloud Public Edition Trial","https://www.sap.com/products/erp/s4hana/trial.html","sap.com","pricing_page","true","","","2026-08-19","Trial; duração; limitações","en-US",""
"sap_source_077","SAP Signavio Process Transformation Suite","https://www.sap.com/products/business-transformation-management.html","sap.com","product_page","true","","","2026-08-19","Transformação de processos","en-US",""
"sap_source_078","SAP GROW","https://www.sap.com/products/erp/grow.html","sap.com","commercial_offering","true","","","2026-08-19","Oferta GROW; Public Edition","en-US",""
"sap_source_079","RISE with SAP","https://www.sap.com/products/erp/rise.html","sap.com","commercial_offering","true","","","2026-08-19","Oferta RISE; cloud ERP","en-US",""
"sap_source_080","SAP SuccessFactors","https://www.sap.com/products/hcm.html","sap.com","product_page","true","","","2026-08-19","SAP SuccessFactors HCM","en-US",""
"sap_source_081","SAP SuccessFactors HCM Help","https://help.sap.com/docs/SAP_SUCCESSFACTORS_HXM_SUITE","help.sap.com","help_documentation","true","","","2026-08-19","SAP SuccessFactors HCM","en-US",""
"sap_source_082","Introducing SAP SuccessFactors","https://learning.sap.com/courses/business-processes-in-sap-hcm-on-s-4hana/introducing-sap-successfactors","learning.sap.com","learning_content","true","","","2026-08-19","SAP SuccessFactors HCM","en-US",""
"sap_source_083","SAP SuccessFactors Employee Central","https://www.sap.com/products/hcm/employee-central-hris.html","sap.com","product_page","true","","","2026-08-19","SAP SuccessFactors HCM","en-US",""
"sap_source_084","SAP SuccessFactors Employee Central Payroll","https://www.sap.com/products/hcm/employee-central-payroll.html","sap.com","product_page","true","","","2026-08-19","SAP SuccessFactors HCM","en-US",""
"sap_source_085","SAP SuccessFactors Recruiting","https://www.sap.com/products/hcm/recruiting-software.html","sap.com","product_page","true","","","2026-08-19","SAP SuccessFactors HCM","en-US",""
"sap_source_086","SAP SuccessFactors Onboarding","https://www.sap.com/products/hcm/employee-onboarding.html","sap.com","product_page","true","","","2026-08-19","SAP SuccessFactors HCM","en-US",""
"sap_source_087","SAP SuccessFactors Performance & Goals","https://www.sap.com/products/hcm/performance-goals.html","sap.com","product_page","true","","","2026-08-19","SAP SuccessFactors HCM","en-US",""
"sap_source_088","SAP SuccessFactors Compensation","https://www.sap.com/products/hcm/compensation-management.html","sap.com","product_page","true","","","2026-08-19","SAP SuccessFactors HCM","en-US",""
"sap_source_089","SAP SuccessFactors Learning","https://www.sap.com/products/hcm/corporate-lms.html","sap.com","product_page","true","","","2026-08-19","SAP SuccessFactors HCM","en-US",""
"sap_source_090","SAP SuccessFactors Career and Talent Development","https://www.sap.com/products/hcm/career-talent-development.html","sap.com","product_page","true","","","2026-08-19","SAP SuccessFactors HCM","en-US",""
"sap_source_091","SAP SuccessFactors People Analytics","https://www.sap.com/products/hcm/workforce-analytics.html","sap.com","product_page","true","","","2026-08-19","SAP SuccessFactors HCM","en-US",""
"sap_source_092","Employee Experience Management","https://www.sap.com/products/hcm/employee-experience-management.html","sap.com","product_page","true","","","2026-08-19","SAP SuccessFactors HCM","en-US",""
"sap_source_093","SAP SuccessFactors Platform Introduction Academy","https://learning.sap.com/courses/sap-successfactors-platform-introduction-academy","learning.sap.com","learning_content","true","","","2026-08-19","SAP SuccessFactors HCM","en-US",""
"sap_source_094","SAP SuccessFactors Suite Reference Architecture","https://architecture.learning.sap.com/docs/ref-arch/14d25a","architecture.learning.sap.com","architecture_documentation","true","","","2026-08-19","SAP SuccessFactors HCM","en-US",""
"sap_source_095","SuccessFactors Microsoft Teams Chat","https://www.sap.com/products/hcm/successfactors-solutions-microsoft-teams-chat.html","sap.com","ai_feature_page","true","","","2026-08-19","SAP SuccessFactors HCM","en-US",""
"sap_source_096","SAP SuccessFactors Security and Privacy","https://help.sap.com/docs/SAP_SUCCESSFACTORS_HXM_SUITE/8f0d540f96474717bbf18df51e54e2b6","help.sap.com","security_documentation","true","","","2026-08-19","SAP SuccessFactors HCM","en-US",""
"sap_source_097","SAP SuccessFactors HCM Trial","https://www.sap.com/products/hcm/trial.html","sap.com","pricing_page","true","","","2026-08-19","SAP SuccessFactors HCM","en-US",""
"sap_source_098","SuccessFactors Joule Q&A","https://www.sap.com/products/hcm/successfactors-solutions-joule-qa.html","sap.com","ai_feature_page","true","","","2026-08-19","SAP SuccessFactors HCM","en-US",""
"sap_source_099","SuccessFactors Audit Logs 1H 2026","https://learning.sap.com/courses/sap-successfactors-employee-central-core-and-position-management/describing-key-sap-successfactors-platform-1h-2024-features-and-enhancements_dd1458a6-5283-469d-8c43-68424885d3ab-1-1-1-1-1-1-1-1","learning.sap.com","security_documentation","true","","","2026-08-19","SAP SuccessFactors HCM","en-US",""
"sap_source_100","SAP Spend Management","https://www.sap.com/products/spend-management.html","sap.com","product_page","true","","","2026-08-19","SAP Ariba","en-US",""
"sap_source_101","Ariba Network is now SAP Business Network","https://www.sap.com/products/spend-management/ariba-network.html","sap.com","product_page","true","","","2026-08-19","SAP Ariba","en-US",""
"sap_source_102","SAP Ariba Sourcing","https://www.sap.com/products/spend-management/ariba-sourcing.html","sap.com","product_page","true","","","2026-08-19","SAP Ariba","en-US",""
"sap_source_103","SAP Ariba Contracts","https://www.sap.com/products/spend-management/contract-management.html","sap.com","product_page","true","","","2026-08-19","SAP Ariba","en-US",""
"sap_source_104","SAP Ariba Supplier Management","https://www.sap.com/products/spend-management/supplier-management.html","sap.com","product_page","true","","","2026-08-19","SAP Ariba","en-US",""
"sap_source_105","SAP Ariba Buying and Invoicing","https://www.sap.com/products/spend-management/procure-to-pay.html","sap.com","product_page","true","","","2026-08-19","SAP Ariba","en-US",""
"sap_source_106","SAP Ariba Catalog","https://www.sap.com/products/spend-management/ariba-catalog.html","sap.com","product_page","true","","","2026-08-19","SAP Ariba","en-US",""
"sap_source_107","SAP Ariba Invoicing","https://www.sap.com/products/spend-management/ariba-invoicing.html","sap.com","product_page","true","","","2026-08-19","SAP Ariba","en-US",""
"sap_source_108","SAP Ariba Spend Analysis","https://www.sap.com/products/spend-management/spend-analysis.html","sap.com","product_page","true","","","2026-08-19","SAP Ariba","en-US",""
"sap_source_109","Services Procurement in SAP Ariba","https://learning.sap.com/courses/procurement-process-overview/describing-the-procurement-of-services-in-sap-ariba","learning.sap.com","learning_content","true","","","2026-08-19","SAP Ariba","en-US",""
"sap_source_110","SAP Ariba APIs","https://help.sap.com/docs/ariba-apis","help.sap.com","api_documentation","true","","","2026-08-19","SAP Ariba","en-US",""
"sap_source_111","AI for Procurement","https://www.sap.com/products/spend-management/ai-for-procurement.html","sap.com","ai_page","true","","","2026-08-19","SAP Ariba","en-US",""
"sap_source_112","SAP Ariba Procurement Master Data Integration","https://learning.sap.com/courses/sap-ariba-integration-sap-ariba-integration-points/understanding-sap-ariba-procurement-master-data","learning.sap.com","integration_documentation","true","","","2026-08-19","SAP Ariba","en-US",""
"sap_source_113","SAP Ariba Sourcing Pricing","https://www.sap.com/products/spend-management/ariba-sourcing/pricing.html","sap.com","pricing_page","true","","","2026-08-19","SAP Ariba","en-US",""
"sap_source_114","SAP Ariba Architecture","https://learning.sap.com/courses/planning-end-to-end-deployment-of-sap-ariba-strategic-sourcing-suite/explaining-the-architecture","learning.sap.com","architecture_documentation","true","","","2026-08-19","SAP Ariba","en-US",""
"sap_source_115","SAP Datasphere","https://www.sap.com/products/data-cloud/datasphere.html","sap.com","product_page","true","","","2026-08-19","SAP Datasphere","en-US",""
"sap_source_116","Describing SAP Datasphere","https://learning.sap.com/courses/exploring-sap-datasphere/describing-sap-datasphere","learning.sap.com","learning_content","true","","","2026-08-19","SAP Datasphere","en-US",""
"sap_source_117","SAP Datasphere Help","https://help.sap.com/docs/SAP_DATASPHERE","help.sap.com","help_documentation","true","","","2026-08-19","SAP Datasphere","en-US",""
"sap_source_118","Integrating Data via Connections","https://help.sap.com/docs/SAP_DATASPHERE/be5967d099974c69b77f4549425ca4c0/eb85e157ab654152bd68a8714036e463.html","help.sap.com","help_documentation","true","","","2026-08-19","SAP Datasphere","en-US",""
"sap_source_119","Creating a Data Flow","https://help.sap.com/docs/SAP_DATASPHERE/c8a54ee704e94e15926551293243fd1d/e30fd1417e954577baae3246ea470c3f.html","help.sap.com","help_documentation","true","","","2026-08-19","SAP Datasphere","en-US",""
"sap_source_120","Replication Flows","https://help.sap.com/docs/SAP_DATASPHERE/6eb1eff34e4c4b1f90adfbfba1334240/a89011c96bfc1014a79e69594ccc91ad.html","help.sap.com","help_documentation","true","","","2026-08-19","SAP Datasphere","en-US",""
"sap_source_121","Administering SAP Datasphere","https://help.sap.com/docs/SAP_DATASPHERE/9f804b8efa8043539289f42f372c4862/70ee87c19d3b47459ac7f2c8d4fea48a.html","help.sap.com","security_documentation","true","","","2026-08-19","SAP Datasphere","en-US",""
"sap_source_122","Data Products in SAP Business Data Cloud","https://architecture.learning.sap.com/docs/ref-arch/4ab8f2","architecture.learning.sap.com","architecture_documentation","true","","","2026-08-19","SAP Datasphere","en-US",""
"sap_source_123","SAP Datasphere Business Content","https://help.sap.com/docs/SAP_DATASPHERE/6eb1eff34e4c4b1f90adfbfba1334240/a87964c26bfc1014a79e69594ccc91ad.html","help.sap.com","help_documentation","true","","","2026-08-19","SAP Datasphere","en-US",""
"sap_source_124","Consuming Data via OData API","https://help.sap.com/docs/SAP_DATASPHERE/43509d67b8b84e66a30851e832f66911/7a453609c8694b029493e7d87e0de60a.html","help.sap.com","api_documentation","true","","","2026-08-19","SAP Datasphere","en-US",""
"sap_source_125","SAP Analytics Cloud","https://www.sap.com/products/data-cloud/cloud-analytics.html","sap.com","product_page","true","","","2026-08-19","SAP Datasphere","en-US",""
"sap_source_126","SAP HANA Cloud","https://www.sap.com/products/data-cloud/hana.html","sap.com","product_page","true","","","2026-08-19","SAP Datasphere","en-US",""
"sap_source_127","Modernizing SAP BW with SAP Business Data Cloud","https://architecture.learning.sap.com/docs/ref-arch/6550e4","architecture.learning.sap.com","architecture_documentation","true","","","2026-08-19","SAP Datasphere","en-US",""
"sap_source_128","SAP Datasphere Pricing","https://www.sap.com/products/data-cloud/datasphere/pricing.html","sap.com","pricing_page","true","","","2026-08-19","SAP Datasphere","en-US",""
"sap_source_129","SAP Datasphere Trial","https://www.sap.com/products/data-cloud/datasphere/trial.html","sap.com","trial_page","true","","","2026-08-19","SAP Datasphere","en-US",""
"sap_source_130","SAP Business Data Cloud","https://www.sap.com/products/data-cloud.html","sap.com","product_page","true","","","2026-08-19","SAP Datasphere","en-US",""
"sap_source_131","SAP Analytics Cloud","https://www.sap.com/products/data-cloud/cloud-analytics.html","sap.com","product_page","true","","","2026-08-19","SAP Analytics Cloud","en-US",""
"sap_source_132","SAP Analytics Cloud Overview","https://learning.sap.com/products/business-technology-platform/data-analytics/analytics-cloud","learning.sap.com","learning_content","true","","","2026-08-19","SAP Analytics Cloud","en-US",""
"sap_source_133","Planning with SAP Analytics Cloud","https://learning.sap.com/courses/cost-center-and-internal-order-accounting-in-sap-s-4hana/planning-with-sap-analytics-cloud","learning.sap.com","learning_content","true","","","2026-08-19","SAP Analytics Cloud","en-US",""
"sap_source_134","Analytic Applications","https://help.sap.com/docs/SAP_ANALYTICS_CLOUD/92a4a76cf6ae454cbf55b73df1cc2f3d/5179db5385ed476b9a2cf6582eb47e03.html","help.sap.com","help_documentation","true","","","2026-08-19","SAP Analytics Cloud","en-US",""
"sap_source_135","Enterprise Planning and Analytics","https://learning.sap.com/courses/sap-btp-fundamentals-level-2-administration-security-extensibility-data-to-value/discovering-the-value-of-enterprise-planning-and-analytics","learning.sap.com","learning_content","true","","","2026-08-19","SAP Analytics Cloud","en-US",""
"sap_source_136","Business Content Packages","https://help.sap.com/docs/SAP_ANALYTICS_CLOUD/42093f14b43c485fbe3adbbe81eff6c8/216e343fd6534d57a715bcae02bf958c.html","help.sap.com","help_documentation","true","","","2026-08-19","SAP Analytics Cloud","en-US",""
"sap_source_137","SAP Analytics Cloud Mobile Administration","https://help.sap.com/docs/SAP_ANALYTICS_CLOUD/807116238aee48f0b580373243880235/746e76013fcc4d698de76f699cc52d32.html","help.sap.com","help_documentation","true","","","2026-08-19","SAP Analytics Cloud","en-US",""
"sap_source_138","Analytical Insights in Joule","https://architecture.learning.sap.com/docs/ref-arch/9efadc","architecture.learning.sap.com","architecture_documentation","true","","","2026-08-19","SAP Analytics Cloud","en-US",""
"sap_source_139","SAP Datasphere","https://www.sap.com/products/data-cloud/datasphere.html","sap.com","product_page","true","","","2026-08-19","SAP Analytics Cloud","en-US",""
"sap_source_140","SAP Business Data Cloud","https://www.sap.com/products/data-cloud.html","sap.com","product_page","true","","","2026-08-19","SAP Analytics Cloud","en-US",""
"sap_source_141","Analytics and Planning Integrated to S/4HANA","https://www.sap.com/products/data-cloud/cloud-analytics/accelerate-decision-making-with-sap-s4hana.html","sap.com","product_page","true","","","2026-08-19","SAP Analytics Cloud","en-US",""
"sap_source_142","Predictive Planning","https://learning.sap.com/courses/applying-ai-powered-visualizations-and-augmented-analytics-to-business-data-in-sap-analytics-cloud-br/combining-augmented-analytics-time-series-forecasting-models-with-planning_a363fd1e-cee6-4bce-b812-e6262a3ffea6","learning.sap.com","learning_content","true","","","2026-08-19","SAP Analytics Cloud","en-US",""
"sap_source_143","SAP Analytics Cloud Help","https://help.sap.com/docs/SAP_ANALYTICS_CLOUD","help.sap.com","help_documentation","true","","","2026-08-19","SAP Analytics Cloud","en-US",""
"sap_source_144","Move Planning to SAC","https://www.sap.com/products/data-cloud/cloud-analytics/move-planning.html","sap.com","product_page","true","","","2026-08-19","SAP Analytics Cloud","en-US",""
"sap_source_145","SAP Analytics Cloud REST API","https://help.sap.com/docs/SAP_ANALYTICS_CLOUD/14cac91febef464dbb1efce20e3f1613/3ccfab3348dd407db089accb66cff9a2.html","help.sap.com","api_documentation","true","","","2026-08-19","SAP Analytics Cloud","en-US",""
"sap_source_146","SAP Analytics Cloud Pricing","https://www.sap.com/products/data-cloud/cloud-analytics/pricing.html","sap.com","pricing_page","true","","","2026-08-19","SAP Analytics Cloud","en-US",""
"sap_source_147","SAP Analytics Cloud Trial","https://www.sap.com/products/data-cloud/cloud-analytics/trial-basic.html","sap.com","trial_page","true","","","2026-08-19","SAP Analytics Cloud","en-US",""
"sap_source_148","Move Planning to SAC","https://www.sap.com/products/data-cloud/cloud-analytics/move-planning.html","sap.com","migration_page","true","","","2026-08-19","SAP Analytics Cloud","en-US",""
"sap_source_149","SAP Business Transformation Management","https://www.sap.com/products/business-transformation-management.html","sap.com","product_page","true","","","2026-08-19","SAP Signavio","en-US",""
"sap_source_150","SAP Signavio Process Manager","https://www.sap.com/products/business-transformation-management/signavio-process-manager.html","sap.com","product_page","true","","","2026-08-19","SAP Signavio","en-US",""
"sap_source_151","SAP Signavio Process Mining","https://www.sap.com/products/business-transformation-management/process-mining.html","sap.com","product_page","true","","","2026-08-19","SAP Signavio","en-US",""
"sap_source_152","SAP Signavio Process Recommender","https://www.sap.com/products/business-transformation-management/signavio-solutions-process-recommender.html","sap.com","ai_feature_page","true","","","2026-08-19","SAP Signavio","en-US",""
"sap_source_153","SAP Signavio Text to Process","https://news.sap.com/2025/03/sap-signavio-launches-ai-process-modeler-text-to-process/","news.sap.com","news_release","true","2025-03-11","","2026-08-19","SAP Signavio","en-US",""
"sap_source_154","SAP Signavio Text to Insight","https://www.sap.com/products/business-transformation-management/signavio-solutions-process-analyzer-text-to-insight.html","sap.com","ai_feature_page","true","","","2026-08-19","SAP Signavio","en-US",""
"sap_source_155","Joule in SAP Signavio Solutions","https://help.sap.com/docs/joule/capabilities-guide/joule-in-sap-signavio-process-transformation-suite","help.sap.com","help_documentation","true","","","2026-08-19","SAP Signavio","en-US",""
"sap_source_156","SAP Signavio Documentation","https://help.sap.com/docs/signavio","help.sap.com","help_documentation","true","","","2026-08-19","SAP Signavio","en-US",""
"sap_source_157","SAP Signavio Solutions Joule","https://www.sap.com/products/business-transformation-management/signavio-solutions-joule.html","sap.com","pricing_page","true","","","2026-08-19","SAP Signavio","en-US",""
"sap_source_158","Process Transformation AI Assistant","https://www.sap.com/use-cases/joule-assistant/process-transformation-ai","sap.com","ai_page","true","","","2026-08-19","SAP Signavio","en-US",""
"sap_source_159","SAP Signavio Text to Widget","https://www.sap.com/products/business-transformation-management/signavio-solutions-process-analyzer-text-to-widget.html","sap.com","ai_feature_page","true","","","2026-08-19","SAP Signavio","en-US",""
"sap_source_160","SAP Business Network Overview","https://www.sap.com/products/business-network.html","sap.com","product_page","true","","","2026-08-19","SAP Business Network","en-US",""
"sap_source_161","SAP Business Network Asset Collaboration","https://www.sap.com/products/business-network/asset-collaboration.html","sap.com","product_page","true","","","2026-08-19","SAP Business Network","en-US",""
"sap_source_162","Ariba Network is now SAP Business Network","https://www.sap.com/products/spend-management/ariba-network.html","sap.com","product_page","true","","","2026-08-19","SAP Business Network","en-US",""
"sap_source_163","SAP Business Network Documents","https://help.sap.com/docs/business-network-for-procurement/business-network-buyer-administration/sap-business-network-documents","help.sap.com","help_documentation","true","","","2026-08-19","SAP Business Network","en-US",""
"sap_source_164","SAP Business Network for Supply Chain Overview","https://help.sap.com/docs/business-network-for-trading-partners/supplier-business-network-supply-chain/sap-business-network-for-supply-chain-overview","help.sap.com","help_documentation","true","","","2026-08-19","SAP Business Network","en-US",""
"sap_source_165","SAP Business Network for Logistics","https://help.sap.com/docs/business-network-for-logistics","help.sap.com","help_documentation","true","","","2026-08-19","SAP Business Network","en-US",""
"sap_source_166","Business Network Integration Guide","https://help.sap.com/docs/business-network-for-procurement/business-network-supply-chain-integration-configuration/sap-business-network-for-supply-chain-integration-and-configuration-guide","help.sap.com","help_documentation","true","","","2026-08-19","SAP Business Network","en-US",""
"sap_source_167","SAP Business Network for Industries","https://www.sap.com/products/business-network/industries.html","sap.com","industry_page","true","","","2026-08-19","SAP Business Network","en-US",""
"sap_source_168","Managing Network Catalog","https://help.sap.com/doc/4d240846575146daaec7e2002866ff56/2511/en-US/NetworkCatalog.pdf","help.sap.com","product_documentation","true","","","2026-08-19","SAP Business Network","en-US",""
"sap_source_169","What is SAP Business Network","https://www.sap.com/products/business-network/what-is-sap-business-network.html","sap.com","product_page","true","","","2026-08-19","SAP Business Network","en-US",""
"sap_source_170","Business Network Assistant","https://www.sap.com/use-cases/joule-assistant/business-network-ai","sap.com","ai_page","true","","","2026-08-19","SAP Business Network","en-US",""
"sap_source_171","SAP Business Network and SAP BTP","https://news.sap.com/2025/06/sap-btp-sap-business-network-innovation/","news.sap.com","news_release","true","","","2026-08-19","SAP Business Network","en-US",""
"sap_source_172","SAP Business Network for Industry","https://news.sap.com/2023/05/sap-business-network-for-industry-meet-unique-business-needs/","news.sap.com","news_release","true","","","2026-08-19","SAP Business Network","en-US",""
"sap_source_173","SAP Build Overview","https://www.sap.com/products/technology-platform/build.html","sap.com","product_page","true","","","2026-08-19","SAP Build","en-US",""
"sap_source_174","SAP Build Apps","https://www.sap.com/products/technology-platform/build/apps.html","sap.com","product_page","true","","","2026-08-19","SAP Build","en-US",""
"sap_source_175","SAP Build Process Automation","https://help.sap.com/docs/build-process-automation","help.sap.com","help_documentation","true","","","2026-08-19","SAP Build","en-US",""
"sap_source_176","SAP Build Work Zone","https://help.sap.com/docs/build-work-zone-advanced-edition/sap-build-work-zone-advanced-edition/getting-started","help.sap.com","help_documentation","true","","","2026-08-19","SAP Build","en-US",""
"sap_source_177","SAP Build Code and pro-code","https://www.sap.com/products/technology-platform/build.html","sap.com","product_page","true","","","2026-08-19","SAP Build","en-US",""
"sap_source_178","SAP Build Governance and Work Zone Architecture","https://help.sap.com/docs/build-work-zone-advanced-edition/sap-build-work-zone-advanced-edition/solution-architecture-and-authentication-details","help.sap.com","help_documentation","true","","","2026-08-19","SAP Build","en-US",""
"sap_source_179","SAP Build Guided Processes","https://help.sap.com/docs/build-process-automation/sap-build-process-automation/create-guided-process","help.sap.com","help_documentation","true","","","2026-08-19","SAP Build","en-US",""
"sap_source_180","SAP Build Innovations","https://www.sap.com/products/technology-platform/build/innovations.html","sap.com","roadmap_page","true","","","2026-08-19","SAP Build","en-US",""
"sap_source_181","SAP Build Product Learning","https://learning.sap.com/products/sap-build","learning.sap.com","learning_page","true","","","2026-08-19","SAP Build","en-US",""
"sap_source_182","Joule Studio","https://www.sap.com/products/artificial-intelligence/joule-studio.html","sap.com","ai_page","true","","","2026-08-19","SAP Build","en-US",""
"sap_source_183","Joule for Developers","https://www.sap.com/products/artificial-intelligence/joule-for-developers.html","sap.com","ai_page","true","","","2026-08-19","SAP Build","en-US",""
"sap_source_184","SAP Build Pricing","https://www.sap.com/products/technology-platform/build/pricing.html","sap.com","pricing_page","true","","","2026-08-19","SAP Build","en-US",""
"sap_source_185","SAP Build Trial","https://www.sap.com/products/technology-platform/build/trial.html","sap.com","trial_page","true","","","2026-08-19","SAP Build","en-US",""
